http://en.wikipedia.org/wiki/Action_of_15_August_1917,Action_of_15_August_1917,31,12,"53.583333, 0"
http://en.wikipedia.org/wiki/Action_of_15_October_1917,Action_of_15_October_1917,99,21,"51.851, -8.2967"
http://en.wikipedia.org/wiki/Action_of_16_January_1916,Action_of_16_January_1916,34,14,"32.651111, -16.909722"
http://en.wikipedia.org/wiki/Action_of_17_March_1917,Action_of_17_March_1917,8,6,"51.021389, 1.477222"
http://en.wikipedia.org/wiki/Action_of_18_June_1918,Action_of_18_June_1918,52,21,"32.3, -64.783333"
http://en.wikipedia.org/wiki/Action_of_22_September_1914,Action_of_22_September_1914,61,36,"53, 3.75"
http://en.wikipedia.org/wiki/Action_of_5_November_1916,Action_of_5_November_1916,25,8,"55.529722, 7.906111"
http://en.wikipedia.org/wiki/Action_of_8_May_1918,Action_of_8_May_1918,82,16,"36.7, 3.216667"
http://en.wikipedia.org/wiki/Action_off_Lerwick,Action_off_Lerwick,26,12,"60.155, -1.145"
http://en.wikipedia.org/wiki/Affair_of_Katia,Affair_of_Katia,1,1,"30.657, 32.334"
http://en.wikipedia.org/wiki/Armenian_resistance_(1914–1918),Armenian_resistance_(1914–1918),149,70,"37.876944, 36.825278"
http://en.wikipedia.org/wiki/Armenian–Azerbaijani_War,Armenian–Azerbaijani_War,386,166,"40.395278, 49.882222"
http://en.wikipedia.org/wiki/Attack_on_Orleans,Attack_on_Orleans,147,36,"41.789722, -69.990278"
http://en.wikipedia.org/wiki/Baralong_Incidents,Baralong_Incidents,212,101,"53, -5"
http://en.wikipedia.org/wiki/Basmachi_movement,Basmachi_movement,239,140,"40.74, 72.63"
http://en.wikipedia.org/wiki/Battle_for_Lake_Tanganyika,Battle_for_Lake_Tanganyika,89,39,"-6.5, 29.833333"
http://en.wikipedia.org/wiki/Battle_of_%C5%81%C3%B3d%C5%BA_(1914),Battle_of_?ód?_(1914),0,0,"51.783333, 19.466667"
http://en.wikipedia.org/wiki/Battle_of_Åland_Islands,Battle_of_Åland_Islands,88,52,"57.5, 18.55"
http://en.wikipedia.org/wiki/Battle_of_Albert_(1914),Battle_of_Albert_(1914),52,41,"50.0028, 2.6528"
http://en.wikipedia.org/wiki/Battle_of_Ambos_Nogales,Battle_of_Ambos_Nogales,278,53,"31.353889, -110.939167"
http://en.wikipedia.org/wiki/Battle_of_Amiens_(1918),Battle_of_Amiens_(1918),426,206,"49.892, 2.299"
http://en.wikipedia.org/wiki/Battle_of_Antivari,Battle_of_Antivari,37,11,"42.1, 19.1"
http://en.wikipedia.org/wiki/Battle_of_Ardahan,Battle_of_Ardahan,31,22,"41.05, 42.7"
http://en.wikipedia.org/wiki/Battle_of_Arras_(1914),Battle_of_Arras_(1914),51,41,"50.2897, 2.7808"
http://en.wikipedia.org/wiki/Battle_of_Arras_(1917),Battle_of_Arras_(1917),807,238,"50.2897, 2.7808"
http://en.wikipedia.org/wiki/Battle_of_Asiago,Battle_of_Asiago,88,64,"45.901944, 11.508889"
http://en.wikipedia.org/wiki/Battle_of_Baku,Battle_of_Baku,353,118,"40.395278, 49.882222"
http://en.wikipedia.org/wiki/Battle_of_Beersheba_(1917),Battle_of_Beersheba_(1917),355,181,"31.249772, 34.799708"
http://en.wikipedia.org/wiki/Battle_of_Belleau_Wood,Battle_of_Belleau_Wood,638,370,"49.073, 3.29"
http://en.wikipedia.org/wiki/Battle_of_Bolimov,Battle_of_Bolimov,1,1,"52.076389, 20.163056"
http://en.wikipedia.org/wiki/Battle_of_Cambrai_(1917),Battle_of_Cambrai_(1917),516,291,"50.1767, 3.2356"
http://en.wikipedia.org/wiki/Battle_of_Cambrai_(1918),Battle_of_Cambrai_(1918),117,55,"50.1767, 3.2356"
http://en.wikipedia.org/wiki/Battle_of_Cantigny,Battle_of_Cantigny,109,65,"49.664, 2.491"
http://en.wikipedia.org/wiki/Battle_of_Cape_Sarych,Battle_of_Cape_Sarych,59,16,"44.387222, 33.738056"
http://en.wikipedia.org/wiki/Battle_of_Caporetto,Battle_of_Caporetto,344,224,"46.214444, 13.6425"
http://en.wikipedia.org/wiki/Battle_of_Cer,Battle_of_Cer,194,124,"44.603056, 19.494167"
http://en.wikipedia.org/wiki/Battle_of_Charleroi,Battle_of_Charleroi,55,44,"50.4, 4.433333"
http://en.wikipedia.org/wiki/Battle_of_Château-Thierry_(1918),Battle_of_Château-Thierry_(1918),149,100,"49.04, 3.4"
http://en.wikipedia.org/wiki/Battle_of_Chunuk_Bair,Battle_of_Chunuk_Bair,178,102,"40.367222, 26.455"
http://en.wikipedia.org/wiki/Battle_of_Cocos,Battle_of_Cocos,147,85,"-11.833333, 96.816667"
http://en.wikipedia.org/wiki/Battle_of_Coronel,Battle_of_Coronel,313,177,"-37.016667, -73.216667"
http://en.wikipedia.org/wiki/Battle_of_Ctesiphon_(1915),Battle_of_Ctesiphon_(1915),164,59,"33.093611, 44.580556"
http://en.wikipedia.org/wiki/Battle_of_Delville_Wood,Battle_of_Delville_Wood,654,65,"50.016667, 2.8"
http://en.wikipedia.org/wiki/Battle_of_Dogger_Bank_(1915),Battle_of_Dogger_Bank_(1915),219,125,"54.724, 2.769"
http://en.wikipedia.org/wiki/Battle_of_Dogger_Bank_(1916),Battle_of_Dogger_Bank_(1916),72,19,"54.724619, 2.768556"
http://en.wikipedia.org/wiki/Battle_of_Doiran,Battle_of_Doiran,222,100,"41.216667, 22.75"
http://en.wikipedia.org/wiki/Battle_of_Dover_Strait,Battle_of_Dover_Strait,1,1,"51.021389, 1.477222"
http://en.wikipedia.org/wiki/Battle_of_Dover_Strait_(1916),Battle_of_Dover_Strait_(1916),108,20,"51.021389, 1.477222"
http://en.wikipedia.org/wiki/Battle_of_Dover_Strait_(1917),Battle_of_Dover_Strait_(1917),68,46,"51.021389, 1.477222"
http://en.wikipedia.org/wiki/Battle_of_Dujaila,Battle_of_Dujaila,67,33,"32.505556, 45.824722"
http://en.wikipedia.org/wiki/Battle_of_Dujaila_Redoubt,Battle_of_Dujaila_Redoubt,1,1,"32.505556, 45.824722"
http://en.wikipedia.org/wiki/Battle_of_Durazzo_(1915),Battle_of_Durazzo_(1915),82,35,"41.316667, 19.45"
http://en.wikipedia.org/wiki/Battle_of_Durazzo_(1918),Battle_of_Durazzo_(1918),93,16,"41.316667, 19.45"
http://en.wikipedia.org/wiki/Battle_of_El_Buggar_Ridge,Battle_of_El_Buggar_Ridge,42,21,"31.249772, 34.799708"
http://en.wikipedia.org/wiki/Battle_of_Ep%C3%A9hy,Battle_of_Épehy,0,0,"50.0083, 3.1293"
http://en.wikipedia.org/wiki/Battle_of_Erzincan,Battle_of_Erzincan,82,49,"39.746389, 39.491389"
http://en.wikipedia.org/wiki/Battle_of_Es_Sinn,Battle_of_Es_Sinn,50,22,"32.505556, 45.824722"
http://en.wikipedia.org/wiki/Battle_of_Flirey,Battle_of_Flirey,25,19,"48.8764, 5.8483"
http://en.wikipedia.org/wiki/Battle_of_Fromelles,Battle_of_Fromelles,377,179,"50.60625, 2.854694"
http://en.wikipedia.org/wiki/Battle_of_Galicia,Battle_of_Galicia,185,106,"49.85, 24.016667"
http://en.wikipedia.org/wiki/Battle_of_Gallipoli,Battle_of_Gallipoli,3,3,"40.367222, 26.455"
http://en.wikipedia.org/wiki/Battle_of_Ginchy,Battle_of_Ginchy,36,32,"50.0242, 2.833"
http://en.wikipedia.org/wiki/Battle_of_Grand_Couronné,Battle_of_Grand_Couronné,14,13,"48.666667, 6.166667"
http://en.wikipedia.org/wiki/Battle_of_Gully_Ravine,Battle_of_Gully_Ravine,117,56,"40.078333, 26.188611"
http://en.wikipedia.org/wiki/Battle_of_Gumbinnen,Battle_of_Gumbinnen,96,74,"54.6, 22.2"
http://en.wikipedia.org/wiki/Battle_of_Hanna,Battle_of_Hanna,35,22,"32.508604,46.520805"
http://en.wikipedia.org/wiki/Battle_of_Heligoland_(1914),Battle_of_Heligoland_(1914),2,2,"54.166667, 8.066667"
http://en.wikipedia.org/wiki/Battle_of_Heligoland_Bight_(1914),Battle_of_Heligoland_Bight_(1914),315,160,"54.166667, 8.066667"
http://en.wikipedia.org/wiki/Battle_of_Hill_60_(Gallipoli),Battle_of_Hill_60_(Gallipoli),121,71,"40.2725, 26.293333"
http://en.wikipedia.org/wiki/Battle_of_Hulluch,Battle_of_Hulluch,1,1,"50.485364,2.817307"
http://en.wikipedia.org/wiki/Battle_of_Jassin,Battle_of_Jassin,52,42,"-5.066667, 39.1"
http://en.wikipedia.org/wiki/Battle_of_Jerusalem_(1917),Battle_of_Jerusalem_(1917),934,130,"31.783333, 35.216667"
http://en.wikipedia.org/wiki/Battle_of_Jutland,Battle_of_Jutland,2156,871,"56, 3"
http://en.wikipedia.org/wiki/Battle_of_Kara_Killisse,Battle_of_Kara_Killisse,28,16,"39.721667, 43.056667"
http://en.wikipedia.org/wiki/Battle_of_Kilimanjaro,Battle_of_Kilimanjaro,53,36,"-3.075833, 37.353333"
http://en.wikipedia.org/wiki/Battle_of_Kolubara,Battle_of_Kolubara,198,101,"44.65, 20.216667"
http://en.wikipedia.org/wiki/Battle_of_Koprukoy,Battle_of_Koprukoy,44,26,"39.9, 41.27"
http://en.wikipedia.org/wiki/Battle_of_Kosovo_(1915),Battle_of_Kosovo_(1915),2,2,"42.6, 20.85"
http://en.wikipedia.org/wiki/Battle_of_Krithia_Vineyard,Battle_of_Krithia_Vineyard,69,41,"40.078, 26.216"
http://en.wikipedia.org/wiki/Battle_of_Le_Cateau,Battle_of_Le_Cateau,162,71,"50.1042, 3.5445"
http://en.wikipedia.org/wiki/Battle_of_Li%C3%A8ge,Battle_of_Li%C3%A8ge,0,0,"50.6406, 5.5721"
http://en.wikipedia.org/wiki/Battle_of_Lone_Pine,Battle_of_Lone_Pine,272,132,"40.367222, 26.455"
http://en.wikipedia.org/wiki/Battle_of_Loos,Battle_of_Loos,219,151,"50.4583, 2.7942"
http://en.wikipedia.org/wiki/Battle_of_Lorraine,Battle_of_Lorraine,96,62,"49.033889, 6.661944"
http://en.wikipedia.org/wiki/Battle_of_M%C4%83r%C4%83%C5%9Fe%C5%9Fti,Battle_of_M?r??e?ti,0,0,"45.88, 27.23"
http://en.wikipedia.org/wiki/Battle_of_M%C4%83r%C4%83%C5%9Fti,Battle_of_M?r??ti,0,0,"46, 26.883333"
http://en.wikipedia.org/wiki/Battle_of_Magdhaba,Battle_of_Magdhaba,969,74,"30.883333, 34.016667"
http://en.wikipedia.org/wiki/Battle_of_Mahiwa,Battle_of_Mahiwa,34,18,"-10.35, 39.266667"
http://en.wikipedia.org/wiki/Battle_of_Malazgirt_(1915),Battle_of_Malazgirt_(1915),1,1,"39.8, 42.32"
http://en.wikipedia.org/wiki/Battle_of_Más_a_Tierra,Battle_of_Más_a_Tierra,91,39,"-33.641389, -78.841111"
http://en.wikipedia.org/wiki/Battle_of_Megiddo_(1918),Battle_of_Megiddo_(1918),734,170,"32.584622, 35.183494"
http://en.wikipedia.org/wiki/Battle_of_Messines,Battle_of_Messines,498,200,"50.7644, 2.8981"
http://en.wikipedia.org/wiki/Battle_of_Mons,Battle_of_Mons,367,165,"50.45, 3.95"
http://en.wikipedia.org/wiki/Battle_of_Morava,Battle_of_Morava,2,2,"43, 21.95"
http://en.wikipedia.org/wiki/Battle_of_Moreuil_Wood,Battle_of_Moreuil_Wood,85,44,"49.893914, 2.29425"
http://en.wikipedia.org/wiki/Battle_of_Mount_Ortigara,Battle_of_Mount_Ortigara,54,39,"46.01, 11.521944"
http://en.wikipedia.org/wiki/Battle_of_Mughar_Ridge,Battle_of_Mughar_Ridge,862,54,"31.666667, 35.166667"
http://en.wikipedia.org/wiki/Battle_of_Mulhouse,Battle_of_Mulhouse,113,81,"47.7495, 7.3399"
http://en.wikipedia.org/wiki/Battle_of_Neuve_Chapelle,Battle_of_Neuve_Chapelle,107,74,"50.5, 2.5"
http://en.wikipedia.org/wiki/Battle_of_Odessa_(1914),Battle_of_Odessa_(1914),42,13,"46.466667, 30.733333"
http://en.wikipedia.org/wiki/Battle_of_Ovche_Pole,Battle_of_Ovche_Pole,2,2,"41.71, 22.85"
http://en.wikipedia.org/wiki/Battle_of_Passchendaele,Battle_of_Passchendaele,2973,1092,"50.900833, 3.0225"
http://en.wikipedia.org/wiki/Battle_of_Penang,Battle_of_Penang,130,67,"5.4, 100.233333"
http://en.wikipedia.org/wiki/Battle_of_Poelcappelle,Battle_of_Poelcappelle,94,27,"50.914128,2.920904"
http://en.wikipedia.org/wiki/Battle_of_Pozi%C3%A8res,Battle_of_Pozi%C3%A8res,0,0,"50.016667, 2.8"
http://en.wikipedia.org/wiki/Battle_of_Pozières,Battle_of_Pozières,166,76,"50.016667, 2.8"
http://en.wikipedia.org/wiki/Battle_of_Qurna,Battle_of_Qurna,68,39,"31.015833, 47.430556"
http://en.wikipedia.org/wiki/Battle_of_Rafa,Battle_of_Rafa,336,55,"31.174, 34.143"
http://en.wikipedia.org/wiki/Battle_of_Ramadi_(1917),Battle_of_Ramadi_(1917),52,32,"33.416667, 43.3"
http://en.wikipedia.org/wiki/Battle_of_Río_de_Oro,Battle_of_Río_de_Oro,110,26,"24.327077,-17.709961"
http://en.wikipedia.org/wiki/Battle_of_Romani,Battle_of_Romani,1199,89,"29.5, 33.833333"
http://en.wikipedia.org/wiki/Battle_of_Rufiji_Delta,Battle_of_Rufiji_Delta,118,47,"-8, 39.333333"
http://en.wikipedia.org/wiki/Battle_of_Saint-Mihiel,Battle_of_Saint-Mihiel,258,174,"48.8892, 5.5436"
http://en.wikipedia.org/wiki/Battle_of_Sandfontein,Battle_of_Sandfontein,27,21,"-29.261389, 17.733611"
http://en.wikipedia.org/wiki/Battle_of_Sar%C4%B1kam%C4%B1%C5%9F,Battle_of_Sarikamish,0,0,"40.3381, 42.573"
http://en.wikipedia.org/wiki/Battle_of_Sari_Bair,Battle_of_Sari_Bair,123,71,"40.367222, 26.455"
http://en.wikipedia.org/wiki/Battle_of_Sarikamis,Battle_of_Sarikamis,4,4,"40.3381, 42.573"
http://en.wikipedia.org/wiki/Battle_of_Sarikamish,Battle_of_Sarikamish,448,179,"40.3381, 42.573"
http://en.wikipedia.org/wiki/Battle_of_Scimitar_Hill,Battle_of_Scimitar_Hill,87,52,"40.3031, 26.23"
http://en.wikipedia.org/wiki/Battle_of_Sharqat,Battle_of_Sharqat,54,38,"33.325, 44.422"
http://en.wikipedia.org/wiki/Battle_of_Skra-di-Legen,Battle_of_Skra-di-Legen,66,43,"40.953197, 22.335828"
http://en.wikipedia.org/wiki/Battle_of_St._Quentin_(1914),Battle_of_St._Quentin_(1914),121,71,"49.9008, 3.6283"
http://en.wikipedia.org/wiki/Battle_of_Stalluponen,Battle_of_Stalluponen,2,2,"54.6, 22.2"
http://en.wikipedia.org/wiki/Battle_of_Tanga,Battle_of_Tanga,135,92,"-5.066667, 39.1"
http://en.wikipedia.org/wiki/Battle_of_Tannenberg_(1914),Battle_of_Tannenberg_(1914),2,1,"53.783333, 20.483333"
http://en.wikipedia.org/wiki/Battle_of_the_Ardennes,Battle_of_the_Ardennes,119,91,"50.25, 5.666667"
http://en.wikipedia.org/wiki/Battle_of_the_Falkland_Islands,Battle_of_the_Falkland_Islands,448,227,"-51.683333, -59.166667"
http://en.wikipedia.org/wiki/Battle_of_the_Frontiers,Battle_of_the_Frontiers,182,115,"50.25, 5.666667"
http://en.wikipedia.org/wiki/Battle_of_the_Gulf_of_Riga,Battle_of_the_Gulf_of_Riga,87,42,"57.625556, 23.584722"
http://en.wikipedia.org/wiki/Battle_of_the_Lys_(1918),Battle_of_the_Lys_(1918),170,117,"50.85, 2.883333"
http://en.wikipedia.org/wiki/Battle_of_the_Nek,Battle_of_the_Nek,325,165,"40.2414, 26.288385"
http://en.wikipedia.org/wiki/Battle_of_the_Piave_River,Battle_of_the_Piave_River,212,126,"45.830556, 12.209444"
http://en.wikipedia.org/wiki/Battle_of_the_Sambre_(1918),Battle_of_the_Sambre_(1918),44,39,"50.4667, 4.86667"
http://en.wikipedia.org/wiki/Battle_of_the_Somme,Battle_of_the_Somme,2914,1400,"50.221111, 1.566667"
http://en.wikipedia.org/wiki/Battle_of_the_Strait_of_Otranto_(1917),Battle_of_the_Strait_of_Otranto_(1917),102,40,"40.219444, 18.925556"
http://en.wikipedia.org/wiki/Battle_of_the_Vistula_River,Battle_of_the_Vistula_River,93,65,"52.23, 21.010833"
http://en.wikipedia.org/wiki/Battle_of_the_Wadi,Battle_of_the_Wadi,2,2,"32.508604,46.520805"
http://en.wikipedia.org/wiki/Battle_of_the_Yser,Battle_of_the_Yser,105,75,"51.152778, 2.723056"
http://en.wikipedia.org/wiki/Battle_of_Trindade,Battle_of_Trindade,111,35,"-20.483333, -29.3"
http://en.wikipedia.org/wiki/Battle_of_Tsingtao,Battle_of_Tsingtao,1,1,"36.066667, 120.383333"
http://en.wikipedia.org/wiki/Battle_of_Verdun,Battle_of_Verdun,4061,989,"49.208, 5.422"
http://en.wikipedia.org/wiki/Battle_of_Vimy_Ridge,Battle_of_Vimy_Ridge,3671,1355,"50.3733, 2.8114"
http://en.wikipedia.org/wiki/Battle_of_Vittorio_Veneto,Battle_of_Vittorio_Veneto,355,160,"45.955833, 12.346944"
http://en.wikipedia.org/wiki/Battle_of_Zanzibar_(1914),Battle_of_Zanzibar_(1914),135,25,"-6.133333, 39.316667"
http://en.wikipedia.org/wiki/Battle_off_Texel,Battle_off_Texel,244,49,"53.289167, 3.474167"
http://en.wikipedia.org/wiki/Bombardment_of_Ancona,Bombardment_of_Ancona,84,36,"43.616944, 13.516667"
http://en.wikipedia.org/wiki/Bombardment_of_Madras,Bombardment_of_Madras,85,30,"13.083889, 80.27"
http://en.wikipedia.org/wiki/Bombardment_of_Yarmouth_and_Lowestoft,Bombardment_of_Yarmouth_and_Lowestoft,63,39,"52.6, 1.7"
http://en.wikipedia.org/wiki/Brusilov_Offensive,Brusilov_Offensive,434,266,"49.85, 24.016667"
http://en.wikipedia.org/wiki/Easter_Rising,Easter_Rising,2198,888,"53.347778, -6.259722"
http://en.wikipedia.org/wiki/Eighth_Battle_of_the_Isonzo,Eighth_Battle_of_the_Isonzo,36,28,"45.8, 13.533333"
http://en.wikipedia.org/wiki/Eleventh_Battle_of_the_Isonzo,Eleventh_Battle_of_the_Isonzo,64,45,"45.8, 13.533333"
http://en.wikipedia.org/wiki/Erzerum_Offensive,Erzerum_Offensive,1,1,"39.9, 41.27"
http://en.wikipedia.org/wiki/Estonian_War_of_Independence,Estonian_War_of_Independence,740,230,"59, 26"
http://en.wikipedia.org/wiki/Fall_of_Baghdad_(1917),Fall_of_Baghdad_(1917),175,99,"33.325, 44.422"
http://en.wikipedia.org/wiki/Fall_of_Baghdad_1917,Fall_of_Baghdad_1917,2,2,"33.325, 44.422"
http://en.wikipedia.org/wiki/Fall_of_Basra,Fall_of_Basra,1,1,"30.5, 47.816667"
http://en.wikipedia.org/wiki/Fanning_Raid,Fanning_Raid,22,7,"3.86, -159.364444"
http://en.wikipedia.org/wiki/Fao_Landing,Fao_Landing,52,33,"29.98, 48.467"
http://en.wikipedia.org/wiki/Fifth_Battle_of_the_Isonzo,Fifth_Battle_of_the_Isonzo,52,34,"45.8, 13.533333"
http://en.wikipedia.org/wiki/Finnish_Civil_War,Finnish_Civil_War,2459,647,"65, 27"
http://en.wikipedia.org/wiki/First_Battle_of_Champagne,First_Battle_of_Champagne,48,37,"49, 4.5"
http://en.wikipedia.org/wiki/First_Battle_of_Gaza,First_Battle_of_Gaza,670,82,"31.516667, 34.45"
http://en.wikipedia.org/wiki/First_Battle_of_Krithia,First_Battle_of_Krithia,69,42,"40.0431, 26.1753"
http://en.wikipedia.org/wiki/First_Battle_of_Kut,First_Battle_of_Kut,1,1,"32.505556, 45.824722"
http://en.wikipedia.org/wiki/First_Battle_of_the_Aisne,First_Battle_of_the_Aisne,144,85,"49.433611, 2.846944"
http://en.wikipedia.org/wiki/First_Battle_of_the_Isonzo,First_Battle_of_the_Isonzo,96,63,"45.8, 13.533333"
http://en.wikipedia.org/wiki/First_Battle_of_the_Marne,First_Battle_of_the_Marne,1036,568,"48.815833, 2.411111"
http://en.wikipedia.org/wiki/First_Battle_of_the_Masurian_Lakes,First_Battle_of_the_Masurian_Lakes,161,104,"54.733333, 20.483333"
http://en.wikipedia.org/wiki/First_Battle_of_the_Somme_(1918),First_Battle_of_the_Somme_(1918),2,1,"50.221111, 1.566667"
http://en.wikipedia.org/wiki/First_Battle_of_Ypres,First_Battle_of_Ypres,846,257,"50.8641, 2.8956"
http://en.wikipedia.org/wiki/First_Ostend_Raid,First_Ostend_Raid,55,22,"51.233333, 2.916667"
http://en.wikipedia.org/wiki/First_Suez_Offensive,First_Suez_Offensive,113,69,"30.705, 32.344167"
http://en.wikipedia.org/wiki/First_Transjordan_attack_on_Amman_(1918),First_Transjordan_attack_on_Amman_(1918),661,22,"31.933333, 35.933333"
http://en.wikipedia.org/wiki/Fourth_Battle_of_the_Isonzo,Fourth_Battle_of_the_Isonzo,41,29,"45.8, 13.533333"
http://en.wikipedia.org/wiki/Kerensky_Offensive,Kerensky_Offensive,137,97,"49.0883, 24.6886"
http://en.wikipedia.org/wiki/Lake_Naroch_Offensive,Lake_Naroch_Offensive,63,50,"54.8525, 26.749722"
http://en.wikipedia.org/wiki/Landing_at_Anzac_Cove,Landing_at_Anzac_Cove,340,187,"40.246111, 26.277778"
http://en.wikipedia.org/wiki/Landing_at_Cape_Helles,Landing_at_Cape_Helles,150,75,"40.0431, 26.1753"
http://en.wikipedia.org/wiki/Landing_at_Suvla_Bay,Landing_at_Suvla_Bay,93,55,"40.3031, 26.23"
http://en.wikipedia.org/wiki/Latvian_War_of_Independence,Latvian_War_of_Independence,287,88,"57, 25"
http://en.wikipedia.org/wiki/Lithuanian_Wars_of_Independence,Lithuanian_Wars_of_Independence,225,77,"54.683333, 25.316667"
http://en.wikipedia.org/wiki/Maritz_Rebellion,Maritz_Rebellion,99,58,"-26.645833, 15.153889"
http://en.wikipedia.org/wiki/Meuse-Argonne_Offensive,Meuse-Argonne_Offensive,504,309,"49.15, 4.966667"
http://en.wikipedia.org/wiki/Monastir_Offensive,Monastir_Offensive,84,20,"41.6, 21.7"
http://en.wikipedia.org/wiki/Naval_operations_in_the_Dardanelles_Campaign,Naval_operations_in_the_Dardanelles_Campaign,376,181,"40.2, 26.4"
http://en.wikipedia.org/wiki/Night_action_at_the_Battle_of_Jutland,Night_action_at_the_Battle_of_Jutland,34,21,"56, 3"
http://en.wikipedia.org/wiki/Ninth_Battle_of_the_Isonzo,Ninth_Battle_of_the_Isonzo,46,29,"45.8, 13.533333"
http://en.wikipedia.org/wiki/Nivelle_Offensive,Nivelle_Offensive,187,90,"49.443128, 3.710289"
http://en.wikipedia.org/wiki/October_Revolution,October_Revolution,1882,1165,"59.95, 30.316667"
http://en.wikipedia.org/wiki/Operation_Albion,Operation_Albion,105,63,"58.416667, 22.5"
http://en.wikipedia.org/wiki/Otranto_Barrage,Otranto_Barrage,84,53,"40.633333, 17.933333"
http://en.wikipedia.org/wiki/Raid_on_Scarborough*_Hartlepool_and_Whitby,Raid_on_Scarborough*_Hartlepool_and_Whitby,100,57,"54.2773, -0.4017"
http://en.wikipedia.org/wiki/Raid_on_Yarmouth,Raid_on_Yarmouth,52,29,"52.6, 1.7"
http://en.wikipedia.org/wiki/Red_Army_invasion_of_Georgia,Red_Army_invasion_of_Georgia,318,128,"41.716667, 44.783333"
http://en.wikipedia.org/wiki/Salonika_front,Salonika_front,1,1,"41.6, 21.7"
http://en.wikipedia.org/wiki/Samarrah_Offensive,Samarrah_Offensive,27,22,"34.198333, 43.874167"
http://en.wikipedia.org/wiki/Scuttling_of_the_German_fleet_in_Scapa_Flow,Scuttling_of_the_German_fleet_in_Scapa_Flow,190,111,"58.9, -3.05"
http://en.wikipedia.org/wiki/Second_Battle_of_Artois,Second_Battle_of_Artois,90,60,"50.5, 2.5"
http://en.wikipedia.org/wiki/Second_Battle_of_Champagne,Second_Battle_of_Champagne,61,40,"49, 4"
http://en.wikipedia.org/wiki/Second_Battle_of_Gaza,Second_Battle_of_Gaza,131,71,"31.516667, 34.45"
http://en.wikipedia.org/wiki/Second_Battle_of_Heligoland_Bight,Second_Battle_of_Heligoland_Bight,1,1,"54.166667, 8.066667"
http://en.wikipedia.org/wiki/Second_Battle_of_Kirpen_Island,Second_Battle_of_Kirpen_Island,26,6,"41.233929,30.267334"
http://en.wikipedia.org/wiki/Second_Battle_of_Krithia,Second_Battle_of_Krithia,98,50,"40.0431, 26.1753"
http://en.wikipedia.org/wiki/Second_Battle_of_Kut,Second_Battle_of_Kut,39,27,"32.505556, 45.824722"
http://en.wikipedia.org/wiki/Second_Battle_of_Passchendaele,Second_Battle_of_Passchendaele,261,56,"50.900278, 3.021389"
http://en.wikipedia.org/wiki/Second_Battle_of_the_Aisne,Second_Battle_of_the_Aisne,223,87,"49.433611, 2.846944"
http://en.wikipedia.org/wiki/Second_Battle_of_the_Isonzo,Second_Battle_of_the_Isonzo,70,56,"45.8, 13.533333"
http://en.wikipedia.org/wiki/Second_Battle_of_the_Marne,Second_Battle_of_the_Marne,454,262,"48.815833, 2.411111"
http://en.wikipedia.org/wiki/Second_Battle_of_the_Masurian_Lakes,Second_Battle_of_the_Masurian_Lakes,120,73,"54.733333, 20.483333"
http://en.wikipedia.org/wiki/Second_Battle_of_the_Somme_(1918),Second_Battle_of_the_Somme_(1918),114,76,"50.221111, 1.566667"
http://en.wikipedia.org/wiki/Second_Battle_of_Ypres,Second_Battle_of_Ypres,788,422,"50.891, 2.979"
http://en.wikipedia.org/wiki/Second_Ostend_Raid,Second_Ostend_Raid,162,67,"51.233333, 2.916667"
http://en.wikipedia.org/wiki/Second_Transjordan_attack_on_Shunet_Nimrin_and_Es_Salt_(1918),Second_Transjordan_attack_on_Shunet_Nimrin_and_Es_Salt_(1918),1093,21,"33.186667, 35.619167"
http://en.wikipedia.org/wiki/Senussi_Campaign,Senussi_Campaign,160,44,"31.610833, 25.925556"
http://en.wikipedia.org/wiki/Seventh_Battle_of_the_Isonzo,Seventh_Battle_of_the_Isonzo,39,25,"45.8, 13.533333"
http://en.wikipedia.org/wiki/Siege_of_Antwerp,Siege_of_Antwerp,136,90,"51.216667, 4.4"
http://en.wikipedia.org/wiki/Siege_of_Kut,Siege_of_Kut,279,181,"32.505556, 45.824722"
http://en.wikipedia.org/wiki/Siege_of_Maubeuge,Siege_of_Maubeuge,53,37,"50.2775, 3.9734"
http://en.wikipedia.org/wiki/Siege_of_Przemysl,Siege_of_Przemysl,2,2,"49.786111, 22.773889"
http://en.wikipedia.org/wiki/Siege_of_Tsingtao,Siege_of_Tsingtao,324,164,"36.066667, 120.383333"
http://en.wikipedia.org/wiki/Sixth_Battle_of_the_Isonzo,Sixth_Battle_of_the_Isonzo,69,46,"45.8, 13.533333"
http://en.wikipedia.org/wiki/Sochi_conflict,Sochi_conflict,48,32,"43, 40.983333"
http://en.wikipedia.org/wiki/Spring_Offensive,Spring_Offensive,430,236,"51, 3"
http://en.wikipedia.org/wiki/Sventiany_Offensive,Sventiany_Offensive,26,20,"55.133333, 26.166667"
http://en.wikipedia.org/wiki/Tenth_Battle_of_the_Isonzo,Tenth_Battle_of_the_Isonzo,38,26,"45.8, 13.533333"
http://en.wikipedia.org/wiki/Third_Anglo-Afghan_War,Third_Anglo-Afghan_War,383,129,"34.093, 71.144"
http://en.wikipedia.org/wiki/Third_Battle_of_Gaza,Third_Battle_of_Gaza,163,83,"31.516667, 34.45"
http://en.wikipedia.org/wiki/Third_Battle_of_Krithia,Third_Battle_of_Krithia,99,50,"40.0431, 26.1753"
http://en.wikipedia.org/wiki/Third_Battle_of_the_Aisne,Third_Battle_of_the_Aisne,127,80,"49.433611, 2.846944"
http://en.wikipedia.org/wiki/Third_Battle_of_the_Isonzo,Third_Battle_of_the_Isonzo,68,46,"45.8, 13.533333"
http://en.wikipedia.org/wiki/Third_Battle_of_Ypres,Third_Battle_of_Ypres,20,12,"50.891, 2.979"
http://en.wikipedia.org/wiki/Twelfth_Battle_of_the_Isonzo,Twelfth_Battle_of_the_Isonzo,1,1,"45.8, 13.533333"
http://en.wikipedia.org/wiki/Vardar_Offensive,Vardar_Offensive,16,13,"42, 21.433333"
http://en.wikipedia.org/wiki/Zeebrugge_Raid,Zeebrugge_Raid,154,81,"51.333333, 3.2"
